{
  "fusion_hidden": 256,
  "dropout": 0.3,
  "lr": 0.0005,
  "batch_size": 16,
  "agg_r": 0.4266258776187897,
  "agg_re": 0.17569246888160706
}