{
    "model": "Acoustic LSTM",
    "N_test": 14,
    "r_test": 0.2656146287918091,
    "re_test": 0.16346196830272675,
    "test_pids": [
        "695",
        "454",
        "601",
        "407",
        "430",
        "448",
        "400",
        "627",
        "489",
        "490",
        "432",
        "428",
        "415",
        "435"
    ],
    "hyperparams": {
        "hidden_size": 64,
        "num_layers": 1,
        "dropout": 0.2,
        "batch_size": 16
    }
}