{
    "hidden_size": 64,
    "dropout": 0.2,
    "lr": 0.001,
    "batch_size": 16,
    "fold_re_list": [
        0.17752817273139954,
        0.18573389947414398,
        0.18844030797481537,
        0.22876164317131042,
        0.24378806352615356
    ],
    "mean_re": 0.204850435256958,
    "std_re": 0.026340557262301445,
    "best_fold_re": 0.17752817273139954,
    "best_fold_details": {
        "fold": 1,
        "r_test": 0.3153529763221741,
        "re_test": 0.17752817273139954
    },
    "hyperparams": {
        "hidden_size": 64,
        "num_layers": 1,
        "dropout": 0.2,
        "batch_size": 16,
        "lr": 0.001,
        "weight_decay": 1e-05,
        "epochs": 60,
        "patience": 8,
        "grad_clip_norm": 1.0,
        "num_folds": 5,
        "random_state": 42
    }
}