{
    "model": "Language Contextual LSTM",
    "N_test": 14,
    "r_test": 0.02400359883904457,
    "re_test": 0.21746812760829926,
    "test_pids": [
        695,
        454,
        601,
        407,
        430,
        448,
        400,
        627,
        489,
        490,
        432,
        428,
        415,
        435
    ],
    "true_scores": [
        7.0,
        1.0,
        0.0,
        3.0,
        3.0,
        18.0,
        7.0,
        3.0,
        3.0,
        2.0,
        1.0,
        0.0,
        3.0,
        8.0
    ],
    "predicted_scores": [
        6.18412971496582,
        5.955330848693848,
        6.327685356140137,
        5.105020999908447,
        5.768176078796387,
        5.792812824249268,
        5.9019575119018555,
        5.639042854309082,
        6.096673965454102,
        6.23939323425293,
        5.621368408203125,
        5.9156904220581055,
        5.193673133850098,
        6.181189060211182
    ],
    "best_cv_hyperparams": {
        "fusion": "gated",
        "hidden_size": 128,
        "lr": 0.001,
        "dropout": 0.3,
        "batch_size": 16,
        "num_layers": 2,
        "agg_r": 0.3445260226726532,
        "agg_re": 0.18848025798797607
    }
}